{"id_estacion":"6957","tipo_estacion":"Terrestre","margen_estacion":"D","horario_estacion":"L-D: 24H","direccion_estacion":"CR A-6, 8","latitud_estacion":40.460972,"longitud_estacion":-3.757694,"ubicacion":{"id_localidad":"2530","nombre_localidad":"MADRID","id_municipio":"2061","nombre_municipio":"MADRID","id_provincia":"31","nombre_provincia":"MADRID","id_codigo_postal":"2807","numero_codigo_postal":"28052"},"empresa":{"id_empresa":"2","nombre_empresa":"REPSOL"},"combustibles":[{"id_carburante":"12","tipo_carburante":"gases licuados del petróleo","precio_carburante":0.979,"fecha_act_precio_carburante":"16/11/24 11:00"}]}